City,Country,Latitude,Longitude,Temp,Humidity,Cloudiness,Wind Speed,Date
Busselton,AU,-33.65,115.3333,48.99,98,93,13.09,1619725765
Ushuaia,AR,-54.8,-68.3,42.8,56,20,3.44,1619725535
Touros,BR,-5.1989,-35.4608,80.6,83,75,9.22,1619726109
Hermanus,ZA,-34.4187,19.2345,57.0,72,96,1.01,1619726110
Nikolskoye,RU,59.7035,30.7861,33.75,52,0,2.24,1619726110
Necochea,AR,-38.5473,-58.7368,75.99,52,15,7.0,1619726110
Hong Kong,HK,22.2855,114.1577,70.79,84,100,3.71,1619725821
Cidreira,BR,-30.1811,-50.2056,67.55,65,0,5.66,1619726111
Kyenjojo,UG,0.6328,30.6214,61.63,96,100,2.93,1619726111
Albany,US,42.6001,-73.9662,55.74,90,100,2.75,1619725825
Searcy,US,35.2506,-91.7363,70.83,83,75,7.18,1619725849
Alofi,NU,-19.0595,-169.9187,77.0,100,100,1.14,1619726112
Faanui,PF,-16.4833,-151.75,81.54,72,86,7.47,1619726112
Mataura,NZ,-46.1927,168.8643,51.01,92,100,7.0,1619726112
Delījān,IR,33.9905,50.6838,69.31,25,0,2.86,1619726112
Margate,GB,51.3813,1.3862,44.98,54,84,3.62,1619725514
Arraial do Cabo,BR,-22.9661,-42.0278,72.63,73,75,4.61,1619726113
Okhotsk,RU,59.3833,143.3,31.95,89,95,1.9,1619726113
Avarua,CK,-21.2078,-159.775,82.4,83,40,9.22,1619726113
Xinzhou,CN,38.4092,112.7333,49.64,36,94,3.4,1619725786
Palana,RU,59.1167,159.9667,28.9,91,17,4.59,1619725787
Hobart,AU,-42.8794,147.3294,53.55,94,90,2.3,1619725607
Paamiut,GL,61.994,-49.6678,37.15,85,5,7.63,1619725787
Ribeira Grande,PT,38.5167,-28.7,60.8,67,40,12.66,1619725787
Hilo,US,19.7297,-155.09,76.12,69,90,5.75,1619725787
Upernavik,GL,72.7868,-56.1549,34.2,66,84,2.89,1619725788
Jamestown,US,42.097,-79.2353,54.05,100,90,11.5,1619725788
Rikitea,PF,-23.1203,-134.9692,76.32,70,100,11.1,1619725679
Qaanaaq,GL,77.484,-69.3632,26.26,75,85,7.29,1619725788
Ilulissat,GL,69.2167,-51.1,39.2,60,75,3.44,1619725789
Port Blair,IN,11.6667,92.75,80.98,77,100,4.79,1619725789
Ust-Maya,RU,60.4167,134.5333,29.73,99,81,3.27,1619725789
Port Alfred,ZA,-33.5906,26.891,64.18,79,100,11.99,1619725790
Tuktoyaktuk,CA,69.4541,-133.0374,21.2,68,20,17.27,1619725790
Saint George,US,37.1041,-113.5841,80.2,16,1,3.44,1619725790
Kholodnyy,RU,62.7167,147.95,26.17,94,100,2.21,1619725790
Bambous Virieux,MU,-20.3428,57.7575,76.51,83,75,17.27,1619725791
Punta Arenas,CL,-53.15,-70.9167,42.39,75,0,5.75,1619725791
Mahon,ES,39.8885,4.2658,60.8,94,20,4.61,1619725791
Yellowknife,CA,62.456,-114.3525,25.79,58,20,6.91,1619725756
Luganville,VU,-15.5333,167.1667,78.37,74,78,11.21,1619725791
Palmer,US,42.1584,-72.3287,58.17,100,90,3.44,1619725792
Lima,PE,-12.0432,-77.0282,69.69,82,40,5.75,1619725720
Vaini,TO,-21.2,-175.2,75.2,100,90,4.61,1619725792
Riwaka,NZ,-41.0833,173.0,46.0,89,57,3.0,1619725792
Atuona,PF,-9.8,-139.0333,78.93,72,5,5.91,1619725793
Saint Paul Harbor,US,57.79,-152.4072,39.2,87,90,3.44,1619725704
Shakawe,BW,-18.3667,21.85,72.01,50,66,2.37,1619725793
Salalah,OM,17.0151,54.0924,84.2,79,20,6.91,1619725793
Berbera,SO,10.4396,45.0143,84.67,63,98,8.46,1619725794
Buraidah,SA,26.326,43.975,82.4,23,0,4.61,1619725607
Zhangaözen,KZ,43.3,52.8,54.43,68,37,7.54,1619725794
Bathsheba,BB,13.2167,-59.5167,80.6,61,20,12.66,1619725794
Luga,RU,58.7372,29.8453,37.09,74,87,0.76,1619725794
Torbay,CA,47.6666,-52.7314,48.49,61,75,6.91,1619725501
Bluff,NZ,-46.6,168.3333,51.01,92,88,8.99,1619725795
Cabo San Lucas,MX,22.8909,-109.9124,78.03,40,1,12.66,1619725522
Lagoa,PT,39.05,-27.9833,57.15,61,100,8.9,1619725795
Leningradskiy,RU,69.3833,178.4167,23.34,92,100,4.09,1619725795
Kapaa,US,22.0752,-159.319,74.61,69,40,14.97,1619725796
Laas,IT,46.6166,10.7002,51.85,93,75,5.75,1619725796
Tingo María,PE,-9.2895,-76.0088,80.6,69,75,6.91,1619725796
Hithadhoo,MV,-0.6,73.0833,83.93,70,94,7.34,1619725796
Thompson,CA,55.7435,-97.8558,32.0,47,75,16.11,1619725504
Jhang,PK,33.6748,72.6963,74.95,45,90,4.07,1619725797
Ambon City,ID,-3.6954,128.1814,80.67,71,90,2.93,1619725797
Fortuna,US,40.5982,-124.1573,59.97,82,1,6.91,1619725797
Gryazovets,RU,58.88,40.2525,31.21,81,42,5.66,1619725798
Sechura,PE,-5.5569,-80.8222,80.47,55,5,12.03,1619725798
Ponta do Sol,PT,32.6667,-17.1,55.96,70,81,6.87,1619725798
Esperance,AU,-33.8667,121.9,60.8,82,75,19.57,1619725798
Baykit,RU,61.67,96.37,30.34,94,64,3.31,1619725799
Bethel,US,41.3712,-73.414,65.35,77,90,7.4,1619725799
Gwadar,PK,25.1216,62.3254,82.71,74,39,10.16,1619725799
Puerto Ayora,EC,-0.7393,-90.3518,84.2,70,40,20.71,1619725799
Terrace Bay,CA,48.7834,-87.1,44.6,70,90,5.75,1619725800
Yorkton,CA,51.2167,-102.4677,46.4,31,1,16.11,1619725800
Namtsy,RU,62.7161,129.6658,33.8,64,75,6.71,1619725800
New Norfolk,AU,-42.7826,147.0587,52.05,92,45,2.3,1619725801
Saint-François,FR,46.4154,3.9054,49.06,87,0,4.61,1619725801
Provideniya,RU,64.3833,-173.3,30.2,64,0,4.47,1619725801
Progreso,MX,21.2833,-89.6667,98.47,28,90,20.71,1619725802
Aripuanã,BR,-9.1667,-60.6333,81.73,79,57,2.26,1619725802
Bayan,CN,46.0833,127.4,41.14,74,100,4.76,1619725802
Baruun-Urt,MN,46.6806,113.2792,30.6,38,41,7.52,1619725802
Rebrikha,RU,53.0733,82.3408,53.6,78,100,12.37,1619725803
Prince Rupert,CA,54.3161,-130.3201,48.88,87,90,16.11,1619725531
Broome,US,42.2506,-75.833,61.45,100,90,6.91,1619725804
Katsuura,JP,35.1333,140.3,58.5,90,100,8.52,1619725640
Hays,US,30.0502,-98.0336,67.75,95,100,8.01,1619725783
Tabou,CI,4.423,-7.3528,80.76,80,100,6.15,1619725804
Nelson Bay,AU,-32.7167,152.15,51.12,100,5,3.24,1619725804
Mehrān,IR,33.1222,46.1646,64.4,32,0,4.61,1619725805
Lompoc,US,34.6391,-120.4579,75.85,38,8,14.97,1619725805
Shache,CN,38.4167,77.2406,67.89,11,3,6.29,1619725805
Coruripe,BR,-10.1256,-36.1756,79.41,72,86,8.68,1619725805
Malakal,SS,9.5334,31.6605,78.98,67,100,3.11,1619725806
Half Moon Bay,US,37.4636,-122.4286,66.61,55,40,9.22,1619725806
Bredasdorp,ZA,-34.5322,20.0403,55.4,82,98,3.44,1619725806
Khatanga,RU,71.9667,102.5,30.18,94,100,9.24,1619725806
Muros,ES,42.7762,-9.0603,54.36,63,5,13.09,1619725807
Cap Malheureux,MU,-19.9842,57.6142,75.99,88,26,7.0,1619725807
Saskylakh,RU,71.9167,114.0833,26.33,91,100,9.19,1619725807
Coquimbo,CL,-29.9533,-71.3436,66.2,59,0,10.36,1619725808
Ancud,CL,-41.8697,-73.8203,58.23,82,75,16.11,1619725808
Talāja,IN,21.35,72.05,89.67,40,100,8.77,1619725808
Mahébourg,MU,-20.4081,57.7,77.0,83,75,17.27,1619725808
Machaneng,BW,-23.1862,27.4886,70.81,29,7,8.08,1619725809
Chumikan,RU,54.7183,135.315,19.56,90,100,1.63,1619725809
Longyearbyen,SJ,78.2186,15.6401,21.2,58,40,14.97,1619725809
Antalaha,MG,-14.9003,50.2788,75.52,85,7,7.07,1619725810
Thanh Hoa,VN,19.8,105.7667,66.09,93,92,1.43,1619725636
Vila Velha,BR,-20.3297,-40.2925,77.0,78,75,13.8,1619725810
St Albans,GB,51.75,-0.3333,44.56,75,100,5.75,1619725550
Airai,TL,-8.9266,125.4092,59.31,91,92,2.06,1619725810
Sioux Lookout,CA,50.1001,-91.917,42.8,65,75,9.22,1619725811
Porto Santo,PT,33.071999999999996,-16.3415,62.6,59,40,11.5,1619725811
Cherskiy,RU,68.75,161.3,18.61,94,100,5.99,1619725811
Sitka,US,57.0531,-135.33,48.2,87,90,4.61,1619725811
Bemidji,US,47.4736,-94.8803,56.89,36,1,17.27,1619725812
Narsaq,GL,60.9167,-46.05,42.8,65,20,6.91,1619725812
Quatre Cocos,MU,-20.2078,57.7625,76.46,83,75,17.27,1619725812
Chui,UY,-33.6971,-53.4616,67.23,61,0,3.24,1619725813
Muncar,ID,-8.4333,114.3333,76.12,91,72,1.39,1619725813
Diapaga,BF,12.0708,1.7889,97.02,15,13,6.02,1619725813
Hīt,IQ,33.6416,42.8251,84.13,16,4,11.14,1619725813
Kamina,CD,-8.7386,24.9906,66.52,92,57,3.74,1619725814
Mnogovershinnyy,RU,53.9353,139.9242,23.72,80,100,4.14,1619725814
Åmot,NO,59.5714,7.9877,32.61,87,17,4.32,1619725814
Marsh Harbour,BS,26.5412,-77.0636,77.23,73,100,15.68,1619725815
Jiangyan,CN,32.5061,120.1428,53.85,70,0,7.18,1619725815
Blind River,CA,46.1834,-82.9582,57.2,51,90,8.05,1619725815
Vestmannaeyjar,IS,63.4427,-20.2734,44.04,76,96,9.31,1619725815
Nyandoma,RU,61.669,40.1991,28.9,87,97,5.35,1619725816
Oistins,BB,13.0667,-59.5333,80.6,61,20,12.66,1619725816
Kavieng,PG,-2.5744,150.7967,82.0,75,44,7.0,1619725816
Lüderitz,,-26.6481,15.1594,58.39,66,0,22.59,1619725817
Cabedelo,BR,-6.9811,-34.8339,82.4,74,75,9.22,1619725817
Portland,US,45.5234,-122.6762,71.8,37,1,3.44,1619725816
Montluçon,FR,46.3333,2.6,50.0,72,97,4.43,1619725817
Horadiz,AZ,39.4488,47.3353,60.8,82,0,9.22,1619725817
Fredonia,US,42.4401,-79.3317,52.2,93,90,5.75,1619725531
Butaritari,KI,3.0707,172.7902,83.34,75,100,15.82,1619725818
Comodoro Rivadavia,AR,-45.8667,-67.5,68.0,42,0,14.97,1619725818
Almuñécar,ES,36.7339,-3.6907,58.73,74,8,3.0,1619725818
Capão da Canoa,BR,-29.7456,-50.0097,68.02,70,3,5.32,1619725819
Abū Zabad,SD,12.35,29.25,78.93,49,100,14.56,1619725819
Barrow,US,71.2906,-156.7887,19.4,86,90,8.05,1619725627
Tuatapere,NZ,-46.1333,167.6833,51.01,92,100,7.0,1619725819
Padang,ID,-0.9492,100.3543,76.33,91,100,4.85,1619725820
Tortolì,IT,39.9256,9.6572,62.6,88,0,4.61,1619725820
Coyhaique,CL,-45.5752,-72.0662,60.8,72,75,6.91,1619725820
Dikson,RU,73.5069,80.5464,-1.62,99,96,6.87,1619725820
Tiksi,RU,71.6872,128.8694,28.76,86,87,8.84,1619725821
Seoul,KR,37.5683,126.9778,47.62,93,90,5.75,1619725628
Alice Springs,AU,-23.7,133.8833,42.8,61,5,1.14,1619725821
Chicama,PE,-7.8447,-79.1469,64.4,88,75,11.5,1619725821
Ryabovo,RU,59.4,31.1333,33.08,52,0,2.24,1619725821
Mar del Plata,AR,-38.0023,-57.5575,75.2,53,0,14.97,1619725822
Laramie,US,41.3114,-105.5911,60.03,26,1,3.44,1619725541
Coahuayana Viejo,MX,18.7333,-103.6833,82.4,54,40,7.94,1619725822
Beloha,MG,-25.1667,45.05,73.74,74,0,7.38,1619725822
Andrews,US,32.3187,-102.5457,55.4,100,90,10.36,1619725822
Norman Wells,CA,65.282,-126.8329,39.2,41,75,11.5,1619725823
Togur,RU,58.3631,82.8265,41.56,88,100,13.33,1619725823
Richards Bay,ZA,-28.783,32.0377,73.58,85,75,13.2,1619725823
Faya,SA,18.3851,42.4509,60.8,72,40,6.91,1619725824
Morón,AR,-34.6534,-58.6198,74.73,41,0,9.22,1619725531
Cayenne,GF,4.9333,-52.3333,86.0,66,75,2.3,1619725824
La Rioja,ES,42.25,-2.5,50.0,87,90,4.61,1619725824
Ahar,IR,38.4774,47.0699,56.93,79,82,4.27,1619725618
San Policarpo,PH,12.1791,125.5072,76.96,82,59,2.37,1619725825
Bundaberg,AU,-24.85,152.35,65.46,94,40,6.91,1619725825
Nguru,NG,12.8791,10.4526,92.17,7,1,7.85,1619725825
Avera,US,33.194,-82.5271,82.85,48,75,13.8,1619725825
Tilichiki,RU,60.4667,166.1,31.41,99,100,1.1,1619725826
Yerbogachën,RU,61.2767,108.0108,20.98,97,52,2.53,1619725826
Gimli,CA,50.6336,-96.9907,32.0,74,95,9.22,1619725826
Ola,RU,59.5833,151.2833,28.71,77,16,5.1,1619725826
Channel-Port aux Basques,CA,47.5702,-59.1367,39.29,88,97,8.57,1619725827
Río Gallegos,AR,-51.6226,-69.2181,42.8,87,90,5.75,1619725827
Chikwawa,MW,-16.0335,34.8009,75.83,76,35,1.72,1619725827
Saint Anthony,US,45.0205,-93.21799999999999,64.71,29,1,16.11,1619725828
Calabozo,VE,8.9242,-67.4293,70.95,92,100,9.82,1619725828
Saint-Philippe,RE,-21.3585,55.7679,71.19,83,38,6.91,1619725828
Kabanjahe,ID,3.1001,98.4908,77.0,88,40,3.44,1619725828
Rexburg,US,43.826,-111.7897,65.93,25,1,4.61,1619725580
East London,ZA,-33.0153,27.9116,65.14,81,100,7.83,1619725829
Ayan,RU,56.45,138.1667,31.24,68,99,6.76,1619725829
Samarai,PG,-10.6167,150.6667,79.61,77,49,7.76,1619725829
Acarí,PE,-15.4311,-74.6158,77.61,56,10,10.04,1619725830
Lebu,CL,-37.6167,-73.65,60.8,81,100,7.09,1619725830
Menzel Kamel,TN,35.6248,10.6673,64.4,88,0,9.22,1619725830
Klaksvík,FO,62.2266,-6.5889999999999995,37.4,70,75,12.66,1619725831
Tazovsky,RU,67.4667,78.7,28.87,95,100,6.08,1619725831
Cape Town,ZA,-33.9258,18.4232,56.73,76,20,10.36,1619725602
Hasaki,JP,35.7333,140.8333,57.7,88,75,9.22,1619725831
Port Hardy,CA,50.6996,-127.4199,51.1,87,90,13.8,1619725831
Iwaki,JP,37.05,140.8833,55.33,68,69,7.0,1619725832
Nanortalik,GL,60.1432,-45.2371,39.27,80,16,8.43,1619725832
Sangar,RU,63.9242,127.4739,19.51,96,100,3.53,1619725832
Gladstone,AU,-23.85,151.25,68.0,73,75,8.05,1619725833
Ganzhou,CN,28.8184,115.4327,62.96,81,0,5.28,1619725833
Carnarvon,AU,-24.8667,113.6333,71.6,88,90,12.66,1619725833
Thinadhoo,MV,0.5333,72.9333,83.48,71,59,7.4,1619725834
Eureka,US,40.8021,-124.1637,59.11,72,100,3.0,1619725834
Carauari,BR,-4.8828,-66.8958,78.75,90,87,3.18,1619725834
Udachny,RU,66.4167,112.4,10.83,99,93,5.1,1619725834
Lábrea,BR,-7.2586,-64.7981,79.86,91,99,0.89,1619725835
Buedu,SL,8.2803,-10.3719,76.66,82,98,4.97,1619725835
Fort Frances,CA,48.5999,-93.4003,53.06,35,75,11.5,1619725808
Løding,NO,67.3,14.75,36.32,87,75,21.85,1619725835
Pevek,RU,69.7008,170.3133,17.56,93,100,7.96,1619725835
Clyde River,CA,70.4692,-68.5914,26.6,100,90,10.36,1619725836
San Juan Sacatepéquez,GT,14.7189,-90.6442,73.36,53,20,13.8,1619725836
George Town,MY,5.4112,100.3354,77.97,94,20,4.61,1619725558
Marawi,PH,7.9986,124.2928,75.99,89,52,7.0,1619725836
Wanxian,CN,30.8039,108.3897,65.61,83,9,2.42,1619725837
Socorro,US,31.6546,-106.3033,50.81,66,90,20.71,1619725837
Worland,US,44.0169,-107.9554,67.62,24,1,4.61,1619725837
Poum,NC,-20.2333,164.0167,75.67,57,45,14.74,1619725837
Teknāf,BD,20.8624,92.3058,77.94,86,1,1.28,1619725838
Hamilton,US,39.1834,-84.5333,65.53,94,90,6.91,1619725831
Husavik,IS,66.0449,-17.3389,41.0,75,0,14.97,1619725838
Ratnagiri,IN,16.9833,73.3,82.38,74,23,4.05,1619725838
Pochutla,MX,15.7432,-96.4661,89.29,45,90,17.27,1619725839
Fairbanks,US,64.8378,-147.7164,43.92,52,90,2.35,1619725806
Majene,ID,-3.5403,118.9707,77.45,86,39,4.52,1619725839
Malmesbury,ZA,-33.4608,18.7271,56.35,76,20,10.36,1619725839
Altar,MX,30.7,-111.8167,84.99,24,0,10.0,1619725839
Robe,AU,-37.1833,139.75,56.91,76,0,8.99,1619725840
Miquelon,PM,47.0975,-56.3814,46.4,66,20,10.36,1619725840
Tūkrah,LY,32.5341,20.5791,80.8,22,100,7.58,1619725840
Kulhudhuffushi,MV,6.6221,73.07,83.17,75,99,7.92,1619725841
Manbij,SY,36.5281,37.9549,66.2,52,0,9.04,1619725841
Straubing,DE,48.8833,12.5667,45.63,68,100,3.0,1619725841
Bull Savanna,JM,17.8868,-77.5902,81.36,62,35,15.59,1619725841
Bengkulu,ID,-3.8004,102.2655,75.7,91,87,4.5,1619725842
Nehe,CN,48.4833,124.8333,40.44,89,100,6.06,1619725842
Castro,BR,-24.7911,-50.0119,64.11,59,2,6.67,1619725842
Deputatsky,RU,69.3,139.9,12.33,99,71,1.97,1619725842
Pitsunda,GE,43.1592,40.3378,53.31,94,18,2.24,1619725843
Saint-Augustin,CA,51.226000000000006,-58.6502,44.67,68,100,2.42,1619725843
Yulara,AU,-25.2406,130.9889,51.8,50,5,5.75,1619725843
Voyvozh,RU,62.891999999999996,54.9635,29.37,73,100,3.96,1619725844
Ituaçu,BR,-13.8133,-41.2967,79.36,59,52,5.66,1619725844
Batagay,RU,67.6333,134.6333,22.14,97,98,2.04,1619725844
Nome,US,64.5011,-165.4064,25.84,74,1,14.97,1619725844
Kahului,US,20.8947,-156.47,72.43,83,40,12.66,1619725843
Yar-Sale,RU,66.8333,70.8333,22.39,95,100,7.76,1619725845
Yangi Marg`ilon,UZ,40.4272,71.7189,64.99,63,0,2.3,1619725845
Vasil'sursk,RU,56.1275,46.0072,35.55,76,36,3.62,1619725845
Mosquera,CO,4.7059,-74.2302,64.4,63,40,13.8,1619725588
Beringovskiy,RU,63.05,179.3167,26.56,74,99,3.49,1619725846
Dingle,PH,10.9995,122.6711,73.78,76,41,3.27,1619725846
Zyryanka,RU,65.75,150.85,29.16,89,100,3.18,1619725846
Sistranda,NO,63.7256,8.834,39.2,70,20,9.22,1619725846
Saldanha,ZA,-33.0117,17.9442,59.0,67,0,18.41,1619725806
Purranque,CL,-40.9167,-73.1667,65.44,72,75,4.61,1619725700
Pavlogradka,RU,54.2024,73.5592,44.78,61,0,8.39,1619725847
Vigrestad,NO,58.5667,5.7,47.71,53,0,9.22,1619725847
Tezu,IN,27.9167,96.1667,79.02,34,100,4.52,1619725847
Kimbe,PG,-5.5502,150.1429,74.3,88,17,3.96,1619725848
Tarakan,ID,3.3,117.6333,80.33,77,19,0.43,1619725848
São Filipe,CV,14.8961,-24.4956,73.54,75,24,16.6,1619725848
Port Lincoln,AU,-34.7333,135.8667,63.41,68,3,9.89,1619725848
Belyy Yar,RU,53.6039,91.3903,46.4,76,0,4.47,1619725849
Farafangana,MG,-22.8167,47.8333,73.24,87,18,7.36,1619725849
Kalmar,SE,56.6616,16.3616,44.8,76,100,10.36,1619725849
Kashgar,CN,39.4547,75.9797,68.0,19,2,4.47,1619725850
Voronovytsya,UA,49.1095,28.6808,55.99,72,84,8.97,1619725850
Flinders,AU,-34.5833,150.8552,53.01,88,0,1.01,1619725850
Maneromango,TZ,-7.1988,38.7848,75.2,94,90,1.88,1619725850
Ji’an,CN,27.1172,114.9793,62.31,81,0,4.74,1619725851
Camacha,PT,33.0833,-16.3333,62.6,59,40,11.5,1619725851
Barra do Bugres,BR,-15.0725,-57.1811,82.71,52,100,0.38,1619725851
San Cristobal,VE,7.7669,-72.225,75.2,100,75,4.61,1619725851
Termoli,IT,41.9888,14.9895,61.11,83,100,4.25,1619725852
Honningsvåg,NO,70.9821,25.9704,28.4,93,90,18.41,1619725852
Tasiilaq,GL,65.6145,-37.6368,33.8,86,40,4.61,1619725852
Thunder Bay,CA,48.4001,-89.3168,55.4,44,75,14.97,1619725757
Severo-Kuril'sk,RU,50.6789,156.125,35.38,88,47,4.63,1619725853
Bom Jardim,BR,-7.7958,-35.5872,78.8,73,75,14.97,1619725853
Megion,RU,61.0296,76.1136,35.6,100,20,6.71,1619725854
Acaraú,BR,-2.8856,-40.12,79.41,82,85,13.09,1619725854
Asău,RO,46.4333,26.4,50.0,66,8,4.94,1619725854
Cockburn Town,TC,21.4612,-71.1419,82.4,61,40,16.11,1619725616
Umm Kaddadah,SD,13.6017,26.6876,85.39,12,60,10.63,1619725855
Zakharovo,RU,54.36600000000001,39.2792,42.4,46,83,7.16,1619725855
Kondinskoye,RU,59.6481,67.41,39.09,83,82,10.22,1619725855
Mareeba,AU,-17.0,145.4333,65.07,83,62,11.5,1619725856
Pitimbu,BR,-7.4706,-34.8086,82.4,74,75,9.22,1619725856
Bokoro,TD,12.3807,17.0568,91.06,11,3,5.17,1619725856
Bandarbeyla,SO,9.4942,50.8122,83.86,75,45,9.28,1619725857
Adrar,MR,20.5022,-10.0711,88.36,20,81,11.63,1619725857
Port Elizabeth,ZA,-33.918,25.5701,57.2,94,20,12.66,1619725857
Pop,UZ,40.8736,71.1089,68.0,45,21,8.21,1619725857
Erbil,IQ,36.1926,44.0106,71.6,24,7,1.59,1619725761
Maningrida,AU,-12.0667,134.2667,72.34,86,100,7.92,1619725858
Verkhnyaya Balkariya,RU,43.1279,43.4573,57.11,77,75,6.71,1619725858
Zhangye,CN,38.9342,100.4517,59.32,22,0,4.09,1619725858
Gashua,NG,12.870999999999999,11.0482,88.72,8,3,9.98,1619725859
San Patricio,US,28.017,-97.5169,77.29,100,90,6.91,1619725859
Sterling,US,39.0062,-77.4286,80.89,51,20,8.05,1619725859
Rocha,UY,-34.4833,-54.3333,68.23,65,0,0.92,1619725859
Masallātah,LY,32.6167,14.0,79.14,35,40,6.38,1619725860
Japura,ID,-0.3167,102.35,73.78,98,100,1.07,1619725860
Panabá,MX,21.2833,-88.2667,98.31,26,2,16.24,1619725860
Iqaluit,CA,63.7506,-68.5145,33.39,93,90,14.97,1619725799
Zhezkazgan,KZ,47.8043,67.7144,54.93,53,95,18.84,1619725860
Beira,MZ,-19.8436,34.8389,77.0,83,20,8.01,1619725861
Vao,NC,-22.6667,167.4833,73.98,61,46,19.15,1619725861
Bam,IR,29.105999999999998,58.357,79.95,25,79,7.18,1619725861
Talnakh,RU,69.4865,88.3972,27.81,96,99,3.89,1619725862
Calama,CL,-22.4667,-68.9333,69.8,11,0,16.11,1619725633
Ereymentau,KZ,51.6199,73.1033,45.72,61,54,6.55,1619725862
Murwāra,IN,23.85,80.4,87.89,9,0,1.68,1619725862
Santa Inês,BR,-3.6667,-45.38,80.8,88,95,2.53,1619725862
Teahupoo,PF,-17.8333,-149.2667,84.09,65,20,5.75,1619725863
Lagos,NG,6.5833,3.75,82.4,83,20,2.3,1619725863
Cooma,AU,-36.2333,149.1333,41.0,100,90,6.91,1619725863
Mazatlán,MX,23.2167,-106.4167,81.34,51,1,11.5,1619725864
Kamenka,RU,51.3223,42.7678,44.01,58,15,6.29,1619725864
Canala,NC,-21.5333,165.95,64.4,88,75,3.44,1619725864
Shimanovsk,RU,52.0,127.7,35.94,78,37,9.46,1619725864
Bubaque,GW,11.2833,-15.8333,78.13,72,6,16.64,1619725865
College,US,64.8569,-147.8028,43.75,52,75,2.26,1619725865
Chokurdakh,RU,70.6333,147.9167,-1.46,99,97,3.09,1619725865
Areosa,PT,41.7178,-8.8571,54.72,71,40,10.36,1619725865
Gīdam,IN,18.9833,81.4,78.55,46,2,1.52,1619725866
São João da Barra,BR,-21.6403,-41.0511,75.2,69,0,16.11,1619725866
Powell River,CA,49.8496,-124.5361,56.37,72,90,5.75,1619725792
Nioaque,BR,-21.1353,-55.83,86.79,18,83,4.0,1619725866
Guarapari,BR,-20.6667,-40.4975,77.0,78,75,13.8,1619725867
Winton,US,37.3894,-120.6133,83.16,20,1,4.61,1619725867
Saint-Joseph,RE,-21.3667,55.6167,71.31,83,22,6.91,1619725867
Vila Franca do Campo,PT,37.7167,-25.4333,59.0,63,20,9.22,1619725867
Verkhoyansk,RU,67.5447,133.385,21.65,97,95,2.77,1619725868
Campbell River,CA,50.0163,-125.2446,54.25,82,90,9.22,1619725641
Nicoya,CR,10.1483,-85.45200000000001,84.2,65,75,9.22,1619725868
Biggar,GB,55.6167,-3.5167,41.34,87,40,2.3,1619725868
Myskhako,RU,44.6714,37.7433,55.2,82,0,6.71,1619725868
Sinnamary,GF,5.3833,-52.95,76.69,90,100,13.67,1619725869
Jauja,PE,-11.7758,-75.4966,59.13,51,52,7.87,1619725869
Maceió,BR,-9.6658,-35.7353,84.2,65,40,12.66,1619725570
Fredericksburg,US,38.3032,-77.4605,83.3,42,1,13.8,1619725869
Madimba,TZ,-10.4,40.3333,76.35,92,40,6.4,1619725870
Laguna,US,38.421,-121.4238,83.55,24,1,4.61,1619725870
Byron Bay,AU,-28.65,153.6167,57.31,94,96,8.05,1619725655
Namatanai,PG,-3.6667,152.4333,78.46,83,56,4.63,1619725870
Turukhansk,RU,65.8167,87.9833,28.47,94,94,10.56,1619725870
Minggang,CN,32.4586,114.0486,63.68,68,0,6.55,1619725871
Korla,CN,41.7597,86.1469,69.12,16,0,4.61,1619725871
San Borja,BO,-14.8167,-66.85,77.34,56,50,4.47,1619725871
Chino Valley,US,34.7575,-112.4538,76.64,16,0,5.01,1619725871
Coos Bay,US,43.3665,-124.2179,58.35,76,1,6.91,1619725872
Nybro,SE,56.7446,15.9071,43.52,76,100,10.36,1619725872
Newtownards,GB,54.5924,-5.6909,44.17,65,35,10.36,1619725872
Kaitangata,NZ,-46.2817,169.8464,55.0,79,100,4.0,1619725872
Newtonmore,GB,57.066,-4.1192,42.87,75,20,11.5,1619725873
Guerrero Negro,MX,27.9769,-114.0611,76.12,38,0,13.69,1619725873
Maricá,BR,-22.9194,-42.8186,74.55,78,75,4.61,1619725825
Popondetta,PG,-8.7537,148.2534,70.47,95,69,3.06,1619725873
Plátanos,GR,37.6667,21.6167,59.49,94,0,4.29,1619725874
Elliot,ZA,-31.3333,27.85,51.78,96,100,3.0,1619725874
Khandyga,RU,62.6667,135.6,28.92,99,100,1.99,1619725874
Central Point,US,42.376000000000005,-122.9164,78.24,33,98,3.0,1619725874
Tual,ID,-5.6667,132.75,82.45,74,99,6.4,1619725875
Taloqan,AF,36.7361,69.5345,72.46,32,5,4.99,1619725875
Waycross,US,31.2136,-82.354,86.61,42,75,10.36,1619725807
Sajanan,TN,37.0573,9.2426,63.55,77,20,4.61,1619725875
Khorixas,,-20.3667,14.9667,67.39,44,8,7.31,1619725876
Danville,US,36.586,-79.395,83.55,42,40,17.27,1619725635
Zaraza,VE,9.3503,-65.3245,73.24,87,100,4.14,1619725876
Sydney Mines,CA,46.2367,-60.2177,50.5,62,75,12.66,1619725876
Constitución,CL,-35.3333,-72.4167,61.61,69,100,2.04,1619725876
Tessalit,ML,20.1986,1.0114,96.84,7,84,4.88,1619725877
Dzhida,RU,50.6772,106.1806,35.47,71,99,2.33,1619725877
Abnūb,EG,27.2696,31.1511,84.2,23,0,11.5,1619725877
Port Hawkesbury,CA,45.6169,-61.3485,55.42,51,1,12.66,1619725852
Berezovyy,RU,51.6667,135.7,31.14,97,100,4.09,1619725878
Port Barton,PH,10.4756,119.2472,75.74,85,12,2.86,1619725878
Manta,EC,-0.95,-80.7333,84.2,70,40,9.22,1619725878
Broken Hill,AU,-31.95,141.4333,55.4,44,0,9.22,1619725878
Shimoda,JP,34.6667,138.95,59.32,59,60,5.99,1619725879
Hailin,CN,44.5833,129.4167,36.88,35,13,2.17,1619725879
Chapais,CA,49.7834,-74.8492,60.8,29,1,9.22,1619725879
Beyneu,KZ,45.3167,55.2,59.36,45,28,10.98,1619725879
Shibetsu,JP,43.659,145.132,41.05,94,100,16.89,1619725880
Matara,LK,5.9485,80.5353,77.41,90,99,6.17,1619725880
Khovd,MN,48.0056,91.6419,55.06,39,37,7.25,1619725880
Amapá,BR,1.0,-52.0,77.38,83,98,5.03,1619725880
Curuçá,BR,-0.7289,-47.8481,79.48,91,97,3.22,1619725881
San Rafael,AR,-34.6177,-68.3301,75.97,29,0,18.32,1619725766
Mahabalipuram,IN,12.6264,80.1722,85.08,79,20,4.61,1619725881
Kavaratti,IN,10.5669,72.642,84.18,75,24,5.61,1619725881
Rio Grande,BR,-32.035,-52.0986,70.25,56,0,11.5,1619725882
Salinópolis,BR,-0.6136,-47.3561,81.09,82,98,4.79,1619725882
Harrisonburg,US,38.4496,-78.8689,80.26,47,1,10.36,1619725697
Belmonte,BR,-15.8631,-38.8828,80.6,69,75,5.75,1619725882
Bosaso,SO,11.2842,49.1816,85.37,70,57,5.39,1619725883
Mandalgovi,MN,45.7625,106.2708,32.54,74,6,26.73,1619725883
Havøysund,NO,70.9963,24.6622,27.52,93,90,18.41,1619725883
Ust'-Ilimsk,RU,58.0006,102.6619,24.82,95,63,3.24,1619725884
Abbeville,FR,50.1,1.8333,45.0,66,0,3.44,1619725884
Malindi,KE,-3.2175,40.1191,81.09,80,100,14.52,1619725884
Nyurba,RU,63.2842,118.3319,22.32,96,100,2.06,1619725884
Edd,ER,13.9297,41.6925,85.42,68,23,9.91,1619725885
Hasilpur,PK,29.7122,72.5553,88.92,24,16,11.52,1619725885
Pustoshka,RU,56.3355,29.369,41.86,86,100,5.77,1619725885
La Ronge,CA,55.1001,-105.2842,41.0,28,7,13.8,1619725886
Khakhea,BW,-24.6895,23.494,65.59,65,58,7.23,1619725886
Belen,TR,36.4891,36.2233,69.8,73,40,17.27,1619725886
Lorengau,PG,-2.0226,147.2712,80.58,80,19,4.45,1619725886
Rome,US,43.2128,-75.4557,53.89,94,90,2.44,1619725887
Middle Island,US,40.8843,-72.9373,64.24,68,40,9.22,1619725887
Baijiantan,CN,45.6333,85.1833,71.04,22,2,2.1,1619725887
Tabalosos,PE,-6.35,-76.6833,86.0,66,40,5.75,1619725887
Kontagora,NG,10.3999,5.4695,90.18,27,65,5.37,1619725888
Waterloo,CA,43.4668,-80.5164,49.15,100,90,4.61,1619725851
Dongsheng,CN,39.8161,109.9776,49.64,52,100,21.3,1619725888
Arlit,NE,18.7369,7.3853,94.48,6,52,10.76,1619725888
Līsakovsk,KZ,52.5369,62.4936,44.98,60,25,8.48,1619725889
Port-Gentil,GA,-0.7193,8.7815,80.6,83,90,4.61,1619725889
Bazaliia,UA,49.7127,26.4733,51.06,84,93,13.87,1619725889
Hofn,IS,64.2539,-15.2082,39.74,77,100,6.93,1619725889
Stephenville,US,32.2207,-98.2023,62.49,94,90,16.11,1619725704
Carutapera,BR,-1.195,-46.02,79.23,90,98,4.21,1619725890
Lavrentiya,RU,65.5833,-171.0,23.68,76,50,3.98,1619725890
Isangel,VU,-19.55,169.2667,66.2,94,75,13.18,1619725890
Galesong,ID,-5.3166,119.3661,73.4,100,20,2.3,1619725815
Djambala,CG,-2.5447,14.7533,70.02,88,100,2.28,1619725890
Riverton,US,40.5219,-111.9391,67.64,39,1,12.66,1619725891
Chernyshevskiy,RU,63.0128,112.4714,22.33,95,90,2.08,1619725891
Souillac,MU,-20.5167,57.5167,77.0,83,75,17.27,1619725891
Codrington,AU,-38.2667,141.9667,51.75,80,0,6.85,1619725892
Ponta Delgada,PT,37.7333,-25.6667,59.0,63,20,9.22,1619725892
Yura,PE,-16.2522,-71.6797,66.2,27,0,11.5,1619725892
Karratha,AU,-20.7377,116.8463,79.16,36,0,8.59,1619725892
Ust-Kuyga,RU,70.0167,135.6,14.47,99,99,2.98,1619725893
Ostrovnoy,RU,68.0531,39.5131,21.94,91,82,10.27,1619725893
Anadyr,RU,64.75,177.4833,14.0,85,0,8.95,1619725893
Shelabolikha,RU,53.4131,82.6167,53.6,82,0,4.47,1619725894
Nemuro,JP,43.3236,145.575,38.21,98,100,22.86,1619725894
Kédougou,SN,12.5579,-12.1743,97.92,18,44,4.25,1619725894
Pareora,NZ,-44.4871,171.2132,55.0,60,100,4.9,1619725894
Tanete,ID,-3.9443,119.7848,73.65,97,91,3.22,1619725895
Jiangyou,CN,31.7667,104.7167,63.03,69,1,4.45,1619725895
Ketchikan,US,55.3422,-131.6461,48.2,93,90,13.8,1619725895
Surovikino,RU,48.6078,42.8486,46.62,61,5,8.34,1619725895
Grindavik,IS,63.8424,-22.4338,42.8,75,75,8.05,1619725896
Camopi,GF,3.1655,-52.3158,71.1,96,98,3.27,1619725896
Lipin Bor,RU,60.2622,37.9763,30.58,80,86,4.94,1619725896
Tottori-shi,JP,35.5,134.2333,51.62,88,0,8.95,1619725729
Newton,US,42.336999999999996,-71.2092,50.41,87,90,6.91,1619725719
Kuloy,RU,61.0305,42.4925,30.7,81,64,5.28,1619725897
Xining,CN,36.6167,101.7667,48.69,30,3,2.71,1619725897
Dudinka,RU,69.4058,86.1778,27.07,98,100,3.69,1619725897
Jalu,LY,29.0331,21.5482,86.4,8,28,7.78,1619725897
Grand-Lahou,CI,5.1367,-5.0242,81.16,83,100,8.48,1619725898
Viranşehir,TR,37.2353,39.7631,70.99,33,80,10.78,1619725898
Taitung City,TW,22.7583,121.1444,71.69,81,98,5.79,1619725898
Māngrol,IN,21.1167,70.1167,81.72,79,100,12.21,1619725639
Te Anau,NZ,-45.4167,167.7167,51.26,94,100,4.09,1619725899
Kutum,SD,14.2,24.6667,81.3,12,52,8.61,1619725899
Chivilcoy,AR,-34.8957,-60.0167,75.99,67,0,3.0,1619725899
Sartell,US,45.6216,-94.2069,64.2,27,1,14.97,1619725899
Kasrāwad,IN,22.1333,75.6,91.81,20,9,12.66,1619725900
Mpika,ZM,-11.8343,31.4529,61.25,97,19,4.03,1619725900
Departamento de Maldonado,UY,-34.6667,-54.9167,70.77,56,0,9.22,1619725900
Imphal,IN,24.8167,93.95,72.03,53,94,1.68,1619725900
Pangnirtung,CA,66.1451,-65.7125,32.0,80,90,3.44,1619725901
San Andrés,CO,12.5847,-81.7006,87.8,62,20,9.22,1619725901
Kloulklubed,PW,7.0419,134.2556,78.8,89,75,7.58,1619725901
Lázaro Cárdenas,MX,17.9583,-102.2,83.62,63,85,10.49,1619725902
Gamba,GA,-2.65,10.0,79.52,86,100,3.65,1619725902
Nālūt,LY,30.3333,10.85,87.98,12,0,6.26,1619725902
Zephyrhills,US,28.2336,-82.1812,89.98,40,40,4.61,1619725790
Laiwu,CN,36.1928,117.6569,50.77,25,55,3.02,1619725902
Bac Lieu,VN,9.285,105.7244,82.38,76,91,10.16,1619725701
Vardø,NO,70.3705,31.1107,30.2,86,75,16.11,1619725903
Nouadhibou,MR,20.930999999999997,-17.0347,69.8,78,20,16.11,1619725903
Puerto Madryn,AR,-42.7692,-65.0385,75.76,31,97,5.53,1619725808
Ballina,AU,-28.8667,153.5667,56.14,94,92,8.05,1619725903
Vila,PT,42.0304,-8.1588,50.0,80,77,5.99,1619725904
Rawson,AR,-43.3002,-65.1023,71.58,41,97,1.68,1619725850
Talas,TR,38.6908,35.5538,66.2,42,40,9.22,1619725904
Jambi City,ID,-1.6,103.6167,72.66,99,100,1.7,1619725905
Sørland,NO,67.667,12.6934,35.6,75,75,16.11,1619725905
Kudahuvadhoo,MV,2.6708,72.8944,83.35,73,15,6.44,1619725905
Kruisfontein,ZA,-34.0033,24.7314,57.99,94,100,5.99,1619725906
Minuri,PH,16.535,121.8574,73.27,87,75,2.75,1619725906
Ambovombe,MG,-25.1667,46.0833,73.76,76,0,6.08,1619725906
Pinheiro Machado,BR,-31.5783,-53.3811,63.73,58,0,2.57,1619725906
Cabatuan,PH,10.8794,122.486,74.46,81,41,2.59,1619725907
Troitskoye,RU,52.9821,84.6757,53.74,96,100,5.7,1619725907
Grants,US,35.1473,-107.8514,60.8,31,1,9.31,1619725908
Ludvika,SE,60.1496,15.1878,38.34,65,26,6.91,1619725908
Wanning,CN,18.8003,110.3967,74.39,90,88,5.41,1619725908
Cabañas,CU,22.9758,-82.9219,93.09,40,40,9.22,1619725908
Ixtapa,MX,20.7,-105.2,80.6,74,75,10.36,1619725909
Christchurch,NZ,-43.5333,172.6333,42.67,100,98,1.14,1619725646
Ahipara,NZ,-35.1667,173.1667,55.13,80,0,3.8,1619725909
Giovinazzo,IT,41.1864,16.6674,67.57,55,0,5.75,1619725909
Lang Son,VN,21.8333,106.7333,66.58,85,59,3.02,1619725910
Mayor Pablo Lagerenza,PY,-19.9309,-60.7718,81.16,25,0,7.4,1619725910
Humberto de Campos,BR,-2.5983,-43.4611,80.11,88,86,2.48,1619725910
Berlevåg,NO,70.8578,29.0864,27.73,100,90,32.21,1619725911
Kuching,MY,1.55,110.3333,78.42,94,40,2.3,1619725911
Dawlatabad,AF,36.4141,64.9053,78.51,16,10,6.62,1619725911
Kaeo,NZ,-35.1,173.7833,48.0,93,0,3.0,1619725911
Vostok,RU,46.4856,135.8833,32.7,55,70,3.49,1619725912
Pemangkat,ID,1.1667,108.9667,77.92,84,92,3.0,1619725912
Valparaíso,CL,-33.0393,-71.6273,57.45,94,90,5.75,1619725912
Yangcun,CN,39.3639,117.0603,52.29,81,0,6.71,1619725912
Zamora,EC,-4.0692,-78.9567,78.8,57,75,4.61,1619725913
Lakhnā,IN,26.65,79.15,91.6,13,4,2.39,1619725913
Pyn U Lwin,MM,22.0333,96.4667,67.91,77,76,0.96,1619725913
Porto-Novo,BJ,6.4965,2.6036,82.4,83,20,6.91,1619725914
Naze,JP,28.3667,129.4833,63.16,74,0,10.58,1619725914
Arauca,CO,7.0847,-70.7591,79.39,82,100,1.72,1619725914
Kununurra,AU,-15.7667,128.7333,69.8,100,7,5.01,1619725756
Biak,ID,-0.9131,122.8766,76.06,82,81,3.18,1619725914
Mount Gambier,AU,-37.8333,140.7667,46.4,100,90,6.91,1619725915
San Quintín,MX,30.4833,-115.95,70.88,51,0,14.16,1619725915
Dinghaicun,CN,26.2847,119.7936,60.8,100,0,4.47,1619725915
Kiryat Gat,IL,31.61,34.7642,71.98,69,0,7.45,1619725744
Kristiansund,NO,63.1115,7.732,39.2,70,0,9.22,1619725915
Port Macquarie,AU,-31.4333,152.9167,53.02,99,8,1.99,1619725916
Teseney,ER,15.11,36.6575,88.93,26,46,11.92,1619725916
Cuenca,EC,-2.8833,-78.9833,68.0,56,75,8.05,1619725917
Jāmtāra,IN,23.95,86.8,84.0,32,47,5.75,1619725917
Benguela,AO,-12.5763,13.4055,78.75,80,75,2.15,1619725917
Kodinsk,RU,58.6881,99.1844,25.41,95,22,3.38,1619725917
La Romana,DO,18.4273,-68.9728,87.8,58,40,6.91,1619725762
Alekseyevsk,RU,57.8406,108.3492,22.89,98,18,2.28,1619725918
Andros Town,BS,24.7,-77.7667,81.14,62,95,17.54,1619725918
Abu Kamal,SY,34.4506,40.9171,83.48,20,2,8.59,1619725918
Bucerías,MX,20.75,-105.3333,80.6,74,75,10.36,1619725919
Drimmelen,NL,51.7067,4.8042,44.56,76,9,8.05,1619725919
Qaqortoq,GL,60.7167,-46.0333,42.8,65,20,6.91,1619725919
Lleida,ES,41.6167,0.6167,61.81,94,20,2.3,1619725694
Mabaruma,GY,8.2,-59.7833,76.86,93,89,5.46,1619725919
Kumul,CN,42.8,93.45,69.3,18,9,9.48,1619725757
Schisma Eloundas,GR,35.2667,25.7167,73.22,53,20,13.8,1619725920
Anzio,IT,41.4853,12.6179,59.63,90,43,2.59,1619725920
Charagua,BO,-19.8,-63.2167,75.2,46,40,7.67,1619725920
Bachaquero,VE,9.9694,-71.1494,77.25,82,100,5.39,1619725921
Okha,RU,53.5739,142.9478,27.39,93,100,5.57,1619725921
Henties Bay,,-22.116,14.2845,60.01,83,0,10.0,1619725921
Sungai Penuh,ID,-2.0833,101.3833,64.98,96,100,0.31,1619725921
Pacific Grove,US,36.6177,-121.9166,60.46,63,1,8.05,1619725872
Abasolo,MX,20.45,-101.5167,82.4,23,1,8.05,1619725922
Porbandar,IN,21.6422,69.6093,81.86,76,100,11.1,1619725922
Ashti,IN,19.3833,76.2333,88.59,26,37,4.88,1619725922
Waidhofen,DE,48.5833,11.3333,52.79,82,75,7.65,1619725922
Santa Ana,US,33.7456,-117.8678,85.6,26,1,9.22,1619725638
Bourbonnais,US,41.1417,-87.875,61.63,77,75,4.61,1619725894
Walvis Bay,,-22.9575,14.5053,59.47,67,0,5.75,1619725923
Ferkessédougou,CI,9.6,-5.2,85.69,52,92,8.86,1619725923
Tiznit Province,MA,29.5833,-9.5,58.71,74,26,7.96,1619725923
Siguiri,GN,11.6667,-9.5,89.87,39,99,3.4,1619725924
Isoka,ZM,-10.1606,32.6335,62.1,96,27,1.86,1619725924
Tura,IN,25.5198,90.2201,78.57,37,4,2.57,1619725924
Saint-Pierre,RE,-21.3393,55.4781,72.05,83,9,6.91,1619725925
Tabasalu,EE,59.4303,24.5331,36.23,60,0,3.44,1619725925
Pisco,PE,-13.7,-76.2167,68.43,83,0,8.05,1619725925
Lafia,NG,8.4833,8.5167,88.47,45,81,8.88,1619725925
Vanavara,RU,60.34,102.2797,26.53,93,100,3.27,1619725926
Paragominas,BR,-2.9667,-47.4833,79.3,89,60,3.87,1619725686
Pokosnoye,RU,55.5258,101.0536,32.86,93,100,3.29,1619725926
Ōme,JP,35.7839,139.2431,56.1,100,1,2.98,1619725926
Waupun,US,43.6333,-88.7296,66.47,39,75,9.22,1619725927
Catherinas Lust,GY,6.4,-57.6,77.2,83,91,5.08,1619725927
Utrān,IN,21.2333,72.8667,87.28,52,76,9.08,1619725927
Quelimane,MZ,-17.8786,36.8883,78.39,89,20,4.61,1619725927
